{
    "Product": [{
        "id": "0",
        "name": "Portable Nail Grinder",
        "category": "Cat/Dog",
        "price": 39.95,
        "photo": "images/nailgrinder.jpg"
    },
    {
        "id": "1",
        "name": "Teeth Grinding Catnip Plushies",
        "category": "Cat",
        "price": 29.50,
        "photo": "images/plushies.jpg"
    },
    {
        "id": "2",
        "name": "Double Layer Honeycomb Litter Mat",
        "category": "Cat/Dog",
        "price": 35.70,
        "photo": "images/mat.jpg"
    },
    {
        "id": "3",
        "name": "Luxurious Pet Tree House",
        "category": "Cat",
        "price": 199.80,
        "photo": "images/treehouse.jpg"
    },
    {
        "id": "4",
        "name": "Interactive Treat Ball",
        "category": "Cat/Dog",
        "price": 29.95,
        "photo": "images/treatball.jpg"
    },
    {
        "id": "5",
        "name": "Trendy Shark Life Jacket",
        "category": "Cat/Dog",
        "price": 35.90,
        "photo": "images/nailgrinder.jpg"
    }
    ]}
    